[
	{
		"model": "hacaton_site.student",
		"pk": 1,
		"fields": { "user": 1, "points": 18 }
	},
	{
		"model": "hacaton_site.student",
		"pk": 2,
		"fields": { "user": 2, "points": 9 }
	},
	{
		"model": "hacaton_site.nametest",
		"pk": 2,
		"fields": {
			"name": "Кибербезопасность",
			"img": "images/test/test_guard.png",
			"user_done": [2, 1]
		}
	},
	{
		"model": "hacaton_site.nametest",
		"pk": 3,
		"fields": {
			"name": "Мошенечество в Интернете",
			"img": "images/test/test_mosh.png",
			"user_done": [2]
		}
	},
	{
		"model": "hacaton_site.article",
		"pk": 1,
		"fields": {
			"title": "Кибербезопасность",
			"text": "<h5 class=\"mb-3 mt-5\">Немного статистики</h5>\r\n                <p>Количество киберпреступлений в 2023 году выросло почти на 30%. Ингушетия стала лидером по приросту преступлений с использованием информационных технологий (+217%), на втором месте Ненецкий АО (+215%), рост от 57% до 90% \r\n                зафиксирован в Томской, Ярославской, Липецкой, Новгородской, Белгородской и Тульской областях, а также в Мордовии и Ямало-Ненецком АО.</p>\r\n                <p>На данный момент в России активно ведётся борьба с киберпреступностью на всех уровнях: от административной и уголовной ответственности за утечки информации до принудительной \r\n                блокировки счетов подозреваемых в мошенничестве</p>\r\n                <h5 class=\"mb-3 mt-3\">Что такое кибербезопасность и для чего она нужна?</h5>\r\n                <p>Защититься в интернете гораздо сложнее. Мошенники изобретают всё более изощрённые способы атаки. Помимо прямых угроз, преступники используют так называемую \r\n                    социальную инженерию — проникают вам в доверие и выманивают личные данные и деньги.</p>\r\n                <p>Кибербезопасность — это совокупность действий по защите систем от цифровых угроз и сохранению целостности и конфиденциальности данных. Её задача — выявить и \r\n                    обезвредить подозрительную активность в сетях и на устройствах. Специалисты по информационной безопасности не только устанавливают специальные программы для \r\n                    защиты, но и обеспечивают грамотное взаимодействие между людьми и технологиями для эффективного отражения кибератак.</p>\r\n                <h5 class=\"mb-3 mt-3\">Что такое киберприступность?</h5>\r\n                <p>Киберпреступность – это преступная деятельность, в рамках которой используются либо атакуются компьютер, компьютерная сеть или сетевое устройство. \r\n                    Большинство кибератак совершается киберпреступниками или хакерами с целью получения финансовой прибыли. Однако целью кибератак может быть и выведение \r\n                    компьютеров или сетей из строя – из личных или политических мотивов.Киберпреступления совершают частные лица и организации – от начинающих хакеров до слаженных \r\n                    группировок, которые используют продвинутые методики и хорошо подкованы технически.</p>\r\n                <h5 class=\"mb-3 mt-3\">Основные виды угроз</h5>\r\n                <p>Фишинг — это рассылка фальшивых писем от якобы надёжного источника. Например, вам приходит сообщение с требованием восстановить пароль от личного кабинета \r\n                    электронной почты и банковского приложения. Отправитель, на первый взгляд, надёжный, но при внимательном изучении оказывается, что имя и название просто очень \r\n                    похожи на оригинал. Целью таких писем является получение конфиденциальных данных. Например, номеров и пин-кодов к банковским картам или паролей к различным аккаунтам.</p>\r\n                <p>DDoS-атака или «отказ в обслуживании» — это попытка мошенников нарушить работоспособность сервисов компании с помощью большого количества запросов к серверу или \r\n                    онлайн-ресурсу. Рост запросов блокирует интернет-канал жертвы и тормозит её бизнес-процессы.Чаще всего таким атакам подвергаются компании, взаимодействующие с \r\n                    клиентами через онлайн: сайты, маркетплейсы, онлайн-школы, службы такси или доставки. Цели мошенников могут быть разные. Это требование «выкупа» для возможности \r\n                    восстановления работоспособности или, например, предоставление конкуренту преимущества.</p>   \r\n                <p>Программы-вымогатели могут попасть к вам на компьютер с подозрительного сайта, из спам-письма или сообщения. Они зашифровывают файлы на устройстве, блокируют \r\n                    работу браузеров и ПК. Рекламный баннер может полностью перекрыть экран, требуя заплатить определённую сумму для разблокировки. Целью вымогателей становятся как \r\n                    компании, так и частные лица.</p>\r\n                <p>Под термином вредоносное программное обеспечение объединены все программы, причиняющие ущерб компьютеру и его владельцу. Они могут замедлять работу систем или, \r\n                    например, похищать данные. <br>\r\n                    Вредоносные ПО часто называют общим термином «вирусы», что не совсем верно. На самом деле их много. <br>\r\n                    1. Ботнеты — сети заражённых компьютеров, подчиняющихся командам мошенников. Их используют для рассылки спама, установок шпионских программ или хищения учётных данных. <br>\r\n                    2. Вирусы — программы, внедряющие свой код в различные приложения и мешающие их работе. <br>\r\n                    3. «Трояны» — вредоносное ПО, которое маскируется под легитимную программу и используется для слежки и хищения данных. <br>\r\n                    4. Бэкдоры — программки для удалённого подключения к компьютеру.</p>\r\n                <p>Социальная инженерия — особый вид цифровой атаки, при которой мошенники используют не только технологии, но и психологические приёмы. Это могут быть сообщения от \r\n                    якобы друзей с просьбой занять деньги или фальшивый звонок из полиции или налоговых органов, сообщения якобы от сотрудников банка, пытающихся предотвратить кражу \r\n                    денег. Злоумышленники, пользуясь доверчивостью людей, выманивают данные о счетах и паролях к ним или даже просят просто перевести средства по указанным данным.</p>\r\n                <h5 class=\"mb-3 mt-3\">Минимальная киберграмотность</h5>\r\n                <p>Соблюдая простые правила кибербезопасности, можно значительно снизить риски кибератак. Напомним основные из них. <br>\r\n                1. Надёжные пароли. Казалось бы, самое простое и очевидное правило, которым, к сожалению, до сих пор многие пренебрегают. Пароли должны состоять из сочетания \r\n                    случайных букв и цифр с добавлением сложных знаков и периодически меняться. И ни в коем случае не следует пользоваться одним паролем для всех аккаунтов и \r\n                    устройств. <br>\r\n                2. Безопасность при онлайн-покупках. Не стоит совершать платежи с незнакомых и общественных устройств. Внимательно читайте все правила, где вы ставите галочку с \r\n                    согласием и не позволяйте сайтам сохранять данные банковских карт. <br>\r\n                3. Установка антивирусных программ. Они помогут обнаружить вредоносное ПО и обезвредить его. <br>\r\n                4. Двухфакторная аутентификация. Везде, где это возможно, используйте дополнительную защиту. Это поможет вам заранее узнавать о попытках подключиться к вашим \r\n                    аккаунтам со сторонних устройств. <br>\r\n                5. Внимательность при посещении незнакомых сайтов и открытии подозрительных писем. Не стоит переходить на незнакомый сайт, не проверив его URL. Зачастую страницы \r\n                    мошенников отличаются от оригинального сайта всего одной буквой. Также необходимо с осторожностью относиться к электронным письмам с вложениями и не открывать \r\n                    файлы, пришедшие с незнакомых адресов. <br>\r\n                6. Осторожность при подключении накопителей. Владельцам бизнеса имеет смысл ограничить использование сотрудниками сторонних устройств. <br>\r\n                7. Обновление приложений. Разработчики постоянно работают над своими приложениями, находят в них уязвимости и устраняют их. Обновления необходимы как личным \r\n                    устройствам, так и софту на предприятии. <br>\r\n                8. Подключение через общественный Wi-Fi. Злоумышленники могут легко получить доступ к трафику пользователей, не стоит авторизовываться в социальных сетях и \r\n                    использовать данные карт для платежей.</p>\r\n            </div>",
			"points": 1,
			"img": "images/article/cybergvuard.png",
			"name_test": 2
		}
	},
	{
		"model": "hacaton_site.article",
		"pk": 2,
		"fields": {
			"title": "Мошенечество в Интернете",
			"text": "<h5 class=\"mb-3 mt-5\">Что такое мошенечество в интернете?</h5>\r\n                <p>Интернет-мошенничество (Электронное мошенничество) — вид мошенничества с использованием Интернета. Оно может включать в себя скрытие информации или предоставление неверной информации с целью \r\n                  вымогательства у жертв денег, имущества и наследства. Интернет-мошенничество не считается отдельным преступлением, а включает ряд незаконных действий, совершаемых в киберпространстве. \r\n                  Однако оно отличается от кражи, поскольку в этом случае жертва добровольно и сознательно предоставляет преступнику информацию, деньги или имущество. Оно также отличается тем, что в нём \r\n                  участвуют правонарушители, разделённые во времени и пространстве.</p>\r\n                  <div class=\"\"></div>\r\n                <h5 class=\"mb-3 mt-3\">Виды и схемы интернет-мошенничества</h5>\r\n                <p>Для оформления документов, исполнения банковских операций по платежам, управления вкладами сейчас широко используются онлайн-сервисы. Но развитие технологий способствует активизации аферистов в \r\n                  Интернете. Обманывать доверчивых граждан в Сети гораздо проще, чем оффлайн, существует несколько популярных видов мошенничества: <br>\r\n                  1. èФишинг — кража идентификационных данных (например, ФИО, пароль и номер банковской карты). Злоумышленники пользуются невнимательностью граждан и завладевают конфиденциальной информацией путем \r\n                  создания сайтов-клонов, фальшивых аккаунтов в мессенджерах и соцсетях, электронной рассылки писем. Преступники выдают себя за надежный источник в сети, вынуждая жертву передать им личные данные. <br>\r\n                  2. èКардинг — тип интернет-преступлений, при котором мошенники обманным путем совершают кражу конфиденциальной информации о пользователях и снимают деньги со счетов граждан без их ведома. Самый \r\n                  распространенный способ получения доступа к данным банковских карт — взлом серверов интернет-магазинов, расчетных и платежных систем. Хакеры используют программы удаленного доступа и вредоносное \r\n                  ПО (программное обеспечение) для получения персональной информации о человеке и данных о платежной карте.</p>\r\n                <p>Самые распространенные схемы мошеннических действий в киберпространстве: <br>\r\n                1. Двойники интернет-магазинов. Невероятно дешевые товары и горячие предложения за полцены призваны завлечь ничего не подозревающих онлайн-покупателей. Через поисковые системы пользователи переходят \r\n                  по ссылке, проходят регистрацию и вводят информацию о своем банковском счете для завершения покупки. В итоге продавец получает оплату и пропадает или присылает совершенно иной товар. Нужно всегда \r\n                  проверять адресную строку в браузере. Она должна начинаться с \"https\" (безопасный протокол передачи данных), это означает, что ресурс имеет защищенное (шифрованное) соединение, хотя и не гарантирует\r\n                  полной безопасности. <br>\r\n                2. Копирование сервисов интернет-банкинга. Злоумышленники создают сайты-клоны банков. Посредством электронного письма или смс-сообщения приглашают пользователей пройти авторизацию. Невнимательные граждане\r\n                  переходят на фальшивый сайт, регистрируются в личном кабинете, раскрывая логин и пароль для доступа к финансам. Мошенники при получении данных опустошают банковские счета. <br>\r\n                3. Фишинговая атака по электронной почте. Рассылка писем с сообщением о выигранном призе или о блокировке счета. Преступники, как правило, просят победителя перевести определенную сумму для получения \r\n                  крупного выигрыша или внести оплату для разблокировки карты. <br>\r\n                4. Взлом аккаунтов и рассылка от друзей с целью наживы. Мошенники пишут на почту или в соцсети родственникам и знакомым владельца страницы с просьбой срочно перевести деньги, придумывая различные ситуации. <br>\r\n                5. Фальшивые сайты благотворительности, туроператоров или авиакомпаний. Необходимость срочно собрать деньги на лечение больного ребенка или слишком низкие цены на путевки, просьбы перевести деньги на \r\n                  заграничный банковский счет или электронный кошелек, — все эти моменты должны насторожить пользователей. <br>\r\n                6. Предложения выгодного заработка. Недобросовестные работодатели предлагают удаленную работу. Но предварительно требуют оплатить организационные нужды. Как только человек переводит деньги, выдуманная\r\n                  организация пропадает с радаров.</p>\r\n                <h5 class=\"mb-3 mt-3\">Цели мошенников</h5>\r\n                <p>Мошенники преследуют единственную цель — обманным путем получить деньги или имущество. Они умеют располагать к себе, играть на эмоциях и чувствах, запугивать. Среди них есть психологи, специалисты \r\n                  по финансам, экономике, страхованию и т.д.Мошеннические схемы направлены на совершение транзакции (безналичного перевода) денежных средств на счет преступников. Злоумышленники в интернете \r\n                  становятся все изобретательнее и в условиях пандемии новой коронавирусной инфекции маскируются, предлагая онлайн-услуги и выгодные предложения.</p>\r\n                <h5 class=\"mb-3 mt-3\">Как обезопасить себя от мошенников</h5>\r\n                <p>Чтобы не попасть на уловки мошенников, нужно проявлять бдительность при совершении любых денежных операций с помощью банковских карт и никогда никому не раскрывать данные карты. Сотрудники банка \r\n                не требуют назвать их или CVV/CVC номер на обороте.</p>\r\n                <p>Обезопасить личные финансы позволит соблюдение базовых правил: <br>\r\n                1. пользоваться отдельной виртуальной картой для покупок, пополнять ее лучше разово — только при совершении оплаты; <br>\r\n                2. создавать сложные и пароли и использовать разные данные для почтовых ящиков, соцсетей, других сайтов, ведь пароль восстановить проще, чем вернуть украденные деньги; <br>\r\n                3. не кликать по неизвестным ссылкам, которые приходят по электронной почте, в мессенджерах, социальных сетях, особенно если предлагают что-то бесплатное или на выгодных условиях; <br>\r\n                4. не сообщать посторонним личные данные карты и не вводить их на незнакомых сайтах, не указывать коды безопасности из смс-сообщений; <br>\r\n                5. критически оценивать любую информацию, сообщения, объявления в интернете, а также не верить на слово внезапным обращениям от друзей и родственников, скорее всего неожиданная просьба о деньгах \r\n                поступила от мошенника, который взломал аккаунт; <br>\r\n                6. использовать в незнакомых местах VPN (Virtual Private Network) анонимный (приватный) доступ в Интернет, чтобы мошенники не могли скачать с устройства личные данные.</p>\r\n            </div>",
			"points": 1,
			"img": "images/article/moshinternet.png",
			"name_test": 3
		}
	},
	{
		"model": "hacaton_site.question",
		"pk": 5,
		"fields": {
			"name_test": 2,
			"question": "Что такое кибербезопасность?",
			"marks": 5
		}
	},
	{
		"model": "hacaton_site.question",
		"pk": 6,
		"fields": {
			"name_test": 2,
			"question": "Что такое киберпреступность?",
			"marks": 5
		}
	},
	{
		"model": "hacaton_site.question",
		"pk": 7,
		"fields": {
			"name_test": 2,
			"question": "Что относится к основным видам угроз?",
			"marks": 5
		}
	},
	{
		"model": "hacaton_site.question",
		"pk": 8,
		"fields": {
			"name_test": 2,
			"question": "Что относится к киберграмотности?",
			"marks": 5
		}
	},
	{
		"model": "hacaton_site.question",
		"pk": 9,
		"fields": {
			"name_test": 2,
			"question": "Что обозначает «https: //» в начале URL-адреса, а не «http: //» (без буквы «s»)?",
			"marks": 5
		}
	},
	{
		"model": "hacaton_site.question",
		"pk": 10,
		"fields": {
			"name_test": 2,
			"question": "Что из следующего является примером «фишинговой» атаки?",
			"marks": 5
		}
	},
	{
		"model": "hacaton_site.question",
		"pk": 11,
		"fields": {
			"name_test": 2,
			"question": "Какой из следующих паролей наиболее безопасный?",
			"marks": 5
		}
	},
	{
		"model": "hacaton_site.question",
		"pk": 12,
		"fields": {
			"name_test": 2,
			"question": "Что является примером телекомуникационного преступления?",
			"marks": 5
		}
	},
	{
		"model": "hacaton_site.question",
		"pk": 13,
		"fields": {
			"name_test": 2,
			"question": "Похищение цифровой личности это?",
			"marks": 5
		}
	},
	{
		"model": "hacaton_site.question",
		"pk": 14,
		"fields": {
			"name_test": 2,
			"question": "Основными рисками информационной безопасности являются",
			"marks": 5
		}
	},
	{
		"model": "hacaton_site.question",
		"pk": 15,
		"fields": {
			"name_test": 3,
			"question": "Вам пришло письмо на электронную почту: \"Ваша банковская карта заблокирована. Для разблокировки прой",
			"marks": 5
		}
	},
	{
		"model": "hacaton_site.question",
		"pk": 16,
		"fields": {
			"name_test": 3,
			"question": "Мобильный оператор прислал вам смс с паролем от личного кабинета на его сайте. После этого вам звони",
			"marks": 5
		}
	},
	{
		"model": "hacaton_site.question",
		"pk": 17,
		"fields": {
			"name_test": 3,
			"question": "Вам пришло электронное письмо о выигрыше в лотерею. Чтобы получить приз, нужно оплатить его доставк",
			"marks": 5
		}
	},
	{
		"model": "hacaton_site.question",
		"pk": 18,
		"fields": {
			"name_test": 3,
			"question": "Вы ищите сайт, где можно купить билеты на самолёт. На что нужно обратить внимание при выборе такого",
			"marks": 5
		}
	},
	{
		"model": "hacaton_site.question",
		"pk": 19,
		"fields": {
			"name_test": 3,
			"question": "Вы хотите купить смартфон в интернет-магазине. Как определить, что этому магазину можно доверять?",
			"marks": 5
		}
	},
	{
		"model": "hacaton_site.question",
		"pk": 20,
		"fields": {
			"name_test": 3,
			"question": "Вы решили посмотреть фильм в интернете. Сайт просит ввести ваш мобильный номер, чтобы вы могли посмо",
			"marks": 5
		}
	},
	{
		"model": "hacaton_site.question",
		"pk": 21,
		"fields": {
			"name_test": 3,
			"question": "Что нужно, чтобы максимально обезопасить свой электронный кошелёк?",
			"marks": 5
		}
	},
	{
		"model": "hacaton_site.question",
		"pk": 22,
		"fields": {
			"name_test": 3,
			"question": "Банк прислал вам смс-уведомление, что с вашей карты были сняты деньги. При этом вы сами ничего не сн",
			"marks": 5
		}
	},
	{
		"model": "hacaton_site.question",
		"pk": 23,
		"fields": {
			"name_test": 3,
			"question": "Что нельзя сообщать другим о своей банковской карте?",
			"marks": 5
		}
	},
	{
		"model": "hacaton_site.question",
		"pk": 24,
		"fields": {
			"name_test": 3,
			"question": "Что нельзя делать со своим паролем от электронного кошелька?",
			"marks": 5
		}
	},
	{
		"model": "hacaton_site.answer",
		"pk": 13,
		"fields": {
			"question": 5,
			"answer": "совокупность действий по защите систем от цифровых угроз и сохранению целостности и конфиденциальнос",
			"is_correct": true
		}
	},
	{
		"model": "hacaton_site.answer",
		"pk": 14,
		"fields": {
			"question": 5,
			"answer": "Общее название для всех типов криминальной активности, совершаемой с использованием вычислительных м",
			"is_correct": false
		}
	},
	{
		"model": "hacaton_site.answer",
		"pk": 15,
		"fields": {
			"question": 5,
			"answer": "Соединение компьютеров с автоматизированными системами.",
			"is_correct": false
		}
	},
	{
		"model": "hacaton_site.answer",
		"pk": 16,
		"fields": {
			"question": 5,
			"answer": "Безопасность киборгов.",
			"is_correct": false
		}
	},
	{
		"model": "hacaton_site.answer",
		"pk": 17,
		"fields": {
			"question": 6,
			"answer": "Набор процессов, передовых практик и технологий, которые помогают защитить критически важные системы",
			"is_correct": false
		}
	},
	{
		"model": "hacaton_site.answer",
		"pk": 18,
		"fields": {
			"question": 6,
			"answer": "деятельность, в рамках которой используются либо атакуются компьютер, компьютерная сеть или сетевое",
			"is_correct": true
		}
	},
	{
		"model": "hacaton_site.answer",
		"pk": 19,
		"fields": {
			"question": 6,
			"answer": "Преступление киборгов.",
			"is_correct": false
		}
	},
	{
		"model": "hacaton_site.answer",
		"pk": 20,
		"fields": {
			"question": 6,
			"answer": "Преступления с использованием технологий кибернизации.",
			"is_correct": false
		}
	},
	{
		"model": "hacaton_site.answer",
		"pk": 21,
		"fields": {
			"question": 7,
			"answer": "Вредоносное программное обеспечение.",
			"is_correct": false
		}
	},
	{
		"model": "hacaton_site.answer",
		"pk": 22,
		"fields": { "question": 7, "answer": "Фишинг.", "is_correct": false }
	},
	{
		"model": "hacaton_site.answer",
		"pk": 23,
		"fields": { "question": 7, "answer": "DDoS-атака.", "is_correct": false }
	},
	{
		"model": "hacaton_site.answer",
		"pk": 24,
		"fields": {
			"question": 7,
			"answer": "Все вышеперечисленное.",
			"is_correct": true
		}
	},
	{
		"model": "hacaton_site.answer",
		"pk": 25,
		"fields": {
			"question": 8,
			"answer": "Надёжные пароли.",
			"is_correct": true
		}
	},
	{
		"model": "hacaton_site.answer",
		"pk": 26,
		"fields": {
			"question": 8,
			"answer": "Избегание онлайн-покупок.",
			"is_correct": false
		}
	},
	{
		"model": "hacaton_site.answer",
		"pk": 27,
		"fields": {
			"question": 8,
			"answer": "Подключаться только общественному Wi-Fi.",
			"is_correct": false
		}
	},
	{
		"model": "hacaton_site.answer",
		"pk": 28,
		"fields": {
			"question": 8,
			"answer": "Отсутстиве двухфакторной аутентификации.",
			"is_correct": false
		}
	},
	{
		"model": "hacaton_site.answer",
		"pk": 29,
		"fields": {
			"question": 9,
			"answer": "Сайт недоступен для определенных компьютеров.",
			"is_correct": false
		}
	},
	{
		"model": "hacaton_site.answer",
		"pk": 30,
		"fields": {
			"question": 9,
			"answer": "Информация, введенная на сайт, зашифрована.",
			"is_correct": true
		}
	},
	{
		"model": "hacaton_site.answer",
		"pk": 31,
		"fields": {
			"question": 9,
			"answer": "Сайт имеет особое высокое разрешение.",
			"is_correct": false
		}
	},
	{
		"model": "hacaton_site.answer",
		"pk": 32,
		"fields": {
			"question": 9,
			"answer": "Ничего из вышеперечисленного.",
			"is_correct": false
		}
	},
	{
		"model": "hacaton_site.answer",
		"pk": 33,
		"fields": {
			"question": 10,
			"answer": "Создание поддельного веб-сайта, который выглядит почти идентично реальному веб-сайту, чтобы обманом",
			"is_correct": false
		}
	},
	{
		"model": "hacaton_site.answer",
		"pk": 34,
		"fields": {
			"question": 10,
			"answer": "Отправка кому-то электронного письма, содержащего вредоносную ссылку, замаскированную под письмо от",
			"is_correct": false
		}
	},
	{
		"model": "hacaton_site.answer",
		"pk": 35,
		"fields": {
			"question": 10,
			"answer": "Отправка кому-либо текстового сообщения, содержащего вредоносную ссылку, замаскированную под уведомл",
			"is_correct": false
		}
	},
	{
		"model": "hacaton_site.answer",
		"pk": 36,
		"fields": {
			"question": 10,
			"answer": "Все вышеперечисленное.",
			"is_correct": true
		}
	},
	{
		"model": "hacaton_site.answer",
		"pk": 37,
		"fields": { "question": 11, "answer": "123456qwerty.", "is_correct": false }
	},
	{
		"model": "hacaton_site.answer",
		"pk": 38,
		"fields": {
			"question": 11,
			"answer": "Дата рождения или прочая личная информация (любимый фильм, имя домашнего животного).",
			"is_correct": false
		}
	},
	{
		"model": "hacaton_site.answer",
		"pk": 39,
		"fields": { "question": 11, "answer": "1qAz2wSx3eDc@.", "is_correct": true }
	},
	{
		"model": "hacaton_site.answer",
		"pk": 40,
		"fields": { "question": 11, "answer": "Android1234.", "is_correct": false }
	},
	{
		"model": "hacaton_site.answer",
		"pk": 41,
		"fields": { "question": 12, "answer": "Руткит.", "is_correct": false }
	},
	{
		"model": "hacaton_site.answer",
		"pk": 42,
		"fields": { "question": 12, "answer": "DDOS-атака.", "is_correct": false }
	},
	{
		"model": "hacaton_site.answer",
		"pk": 43,
		"fields": { "question": 12, "answer": "Ботнет.", "is_correct": false }
	},
	{
		"model": "hacaton_site.answer",
		"pk": 44,
		"fields": {
			"question": 12,
			"answer": "Ни одно из перечисленного.",
			"is_correct": false
		}
	},
	{
		"model": "hacaton_site.answer",
		"pk": 45,
		"fields": {
			"question": 13,
			"answer": "Ни одно из перечисленного.",
			"is_correct": false
		}
	},
	{
		"model": "hacaton_site.answer",
		"pk": 46,
		"fields": {
			"question": 13,
			"answer": "Рассылка спама.",
			"is_correct": false
		}
	},
	{
		"model": "hacaton_site.answer",
		"pk": 47,
		"fields": {
			"question": 13,
			"answer": "Неправомерное завладение профилем в социальной сети.",
			"is_correct": false
		}
	},
	{
		"model": "hacaton_site.answer",
		"pk": 48,
		"fields": {
			"question": 13,
			"answer": "Выманивание денежных средств.",
			"is_correct": false
		}
	},
	{
		"model": "hacaton_site.answer",
		"pk": 49,
		"fields": {
			"question": 14,
			"answer": "Искажение, уменьшение объема, перекодировка информации.",
			"is_correct": false
		}
	},
	{
		"model": "hacaton_site.answer",
		"pk": 50,
		"fields": {
			"question": 14,
			"answer": "Техническое вмешательство, выведение из строя оборудования сети.",
			"is_correct": false
		}
	},
	{
		"model": "hacaton_site.answer",
		"pk": 51,
		"fields": {
			"question": 14,
			"answer": "Потеря, искажение, утечка информации.",
			"is_correct": true
		}
	},
	{
		"model": "hacaton_site.answer",
		"pk": 52,
		"fields": {
			"question": 14,
			"answer": "Увеличение трафика сайта, сбой в работе сайта.",
			"is_correct": false
		}
	},
	{
		"model": "hacaton_site.answer",
		"pk": 53,
		"fields": {
			"question": 15,
			"answer": "Введу данные и положу на карту еще денег, чтобы её больше не блокировали.",
			"is_correct": false
		}
	},
	{
		"model": "hacaton_site.answer",
		"pk": 54,
		"fields": {
			"question": 15,
			"answer": "Перейду по ссылке и введу данные.",
			"is_correct": false
		}
	},
	{
		"model": "hacaton_site.answer",
		"pk": 55,
		"fields": {
			"question": 15,
			"answer": "Не буду переходить по ссылке и вводить данные. Позвоню в банк и попробую разобраться в ситуации.",
			"is_correct": false
		}
	},
	{
		"model": "hacaton_site.answer",
		"pk": 56,
		"fields": {
			"question": 15,
			"answer": "Порекомендую ссылку другу- на случай, если у него возникнут проблемы с картой.",
			"is_correct": false
		}
	},
	{
		"model": "hacaton_site.answer",
		"pk": 57,
		"fields": {
			"question": 16,
			"answer": "Поделюсь паролем незнакомца со своими друзьями.",
			"is_correct": false
		}
	},
	{
		"model": "hacaton_site.answer",
		"pk": 58,
		"fields": {
			"question": 16,
			"answer": "Перешлю, конечно, и посоветую поменять пароль, так как этот теперь мне известен.",
			"is_correct": false
		}
	},
	{
		"model": "hacaton_site.answer",
		"pk": 59,
		"fields": {
			"question": 16,
			"answer": "Не стану пересылать никакую персональную информацию незнакомому человеку.",
			"is_correct": true
		}
	},
	{
		"model": "hacaton_site.answer",
		"pk": 60,
		"fields": {
			"question": 16,
			"answer": "Сразу же перешлю пароль.",
			"is_correct": false
		}
	},
	{
		"model": "hacaton_site.answer",
		"pk": 61,
		"fields": {
			"question": 17,
			"answer": "Оплачу доставку и буду ждать приз.",
			"is_correct": false
		}
	},
	{
		"model": "hacaton_site.answer",
		"pk": 62,
		"fields": {
			"question": 17,
			"answer": "Свяжусь с организатором лотереи по контактам в письме, уточню реквизиты для платежа и только потом о",
			"is_correct": false
		}
	},
	{
		"model": "hacaton_site.answer",
		"pk": 63,
		"fields": {
			"question": 17,
			"answer": "Свяжусь с организатором, чтобы узнать, можно ли самому приехать и забрать приз.",
			"is_correct": false
		}
	},
	{
		"model": "hacaton_site.answer",
		"pk": 64,
		"fields": {
			"question": 17,
			"answer": "Проигнорирую письмо, так как ничего не знаю об этой лотерее.",
			"is_correct": false
		}
	},
	{
		"model": "hacaton_site.answer",
		"pk": 65,
		"fields": {
			"question": 18,
			"answer": "Отзывы пользователей, размещенные на других ресурсах.",
			"is_correct": true
		}
	},
	{
		"model": "hacaton_site.answer",
		"pk": 66,
		"fields": {
			"question": 18,
			"answer": "Внешний вид сайта.",
			"is_correct": false
		}
	},
	{
		"model": "hacaton_site.answer",
		"pk": 67,
		"fields": {
			"question": 18,
			"answer": "Отзывы пользователей на самом сайте.",
			"is_correct": false
		}
	},
	{
		"model": "hacaton_site.answer",
		"pk": 68,
		"fields": {
			"question": 18,
			"answer": "Цены на билеты.",
			"is_correct": false
		}
	},
	{
		"model": "hacaton_site.answer",
		"pk": 69,
		"fields": {
			"question": 19,
			"answer": "Почитать отзывы на сайте самого магазина.",
			"is_correct": false
		}
	},
	{
		"model": "hacaton_site.answer",
		"pk": 70,
		"fields": {
			"question": 19,
			"answer": "Посоветовать магазин другу, который тоже собирается купить смартфон, и проверить на нём надежность с",
			"is_correct": false
		}
	},
	{
		"model": "hacaton_site.answer",
		"pk": 71,
		"fields": {
			"question": 19,
			"answer": "Поискать отзывы о магазине на других ресурсах (например, на Яндекс.Маркете).",
			"is_correct": true
		}
	},
	{
		"model": "hacaton_site.answer",
		"pk": 72,
		"fields": {
			"question": 19,
			"answer": "Проверить, предлагает ли магазин гарантию на смартфон",
			"is_correct": false
		}
	},
	{
		"model": "hacaton_site.answer",
		"pk": 73,
		"fields": {
			"question": 20,
			"answer": "Введу номер телефона.",
			"is_correct": false
		}
	},
	{
		"model": "hacaton_site.answer",
		"pk": 74,
		"fields": {
			"question": 20,
			"answer": "Поищу другой сайт, который не требует вводить личные данные для просмотра фильмов.",
			"is_correct": true
		}
	},
	{
		"model": "hacaton_site.answer",
		"pk": 75,
		"fields": {
			"question": 20,
			"answer": "Введу свой номер и номера родителей, чтобы сразу оформить подписку и на них.",
			"is_correct": false
		}
	},
	{
		"model": "hacaton_site.answer",
		"pk": 76,
		"fields": {
			"question": 20,
			"answer": "Вместо своего номера введу случайную комбинацию цифр.",
			"is_correct": false
		}
	},
	{
		"model": "hacaton_site.answer",
		"pk": 77,
		"fields": {
			"question": 21,
			"answer": "Не хранить деньги в электронном кошельке, а пополнять его непосредственно перед платежом и сразу тра",
			"is_correct": false
		}
	},
	{
		"model": "hacaton_site.answer",
		"pk": 78,
		"fields": {
			"question": 21,
			"answer": "Пользоваться одноразовыми платежными паролями для подтверждения операций.",
			"is_correct": true
		}
	},
	{
		"model": "hacaton_site.answer",
		"pk": 79,
		"fields": {
			"question": 21,
			"answer": "Придумать пароль для доступа к кошельку не менее чем из 16 символов.",
			"is_correct": false
		}
	},
	{
		"model": "hacaton_site.answer",
		"pk": 80,
		"fields": {
			"question": 21,
			"answer": "Каждый месяц задавать новый пароль для входа на сервис.",
			"is_correct": false
		}
	},
	{
		"model": "hacaton_site.answer",
		"pk": 81,
		"fields": {
			"question": 22,
			"answer": "Ничего не буду делать.",
			"is_correct": false
		}
	},
	{
		"model": "hacaton_site.answer",
		"pk": 82,
		"fields": {
			"question": 22,
			"answer": "Скорее всего, это ошибка. Банк сам разберется и вернет деньги.",
			"is_correct": false
		}
	},
	{
		"model": "hacaton_site.answer",
		"pk": 83,
		"fields": {
			"question": 22,
			"answer": "Немедленно позвоню в банк и заблокирую карту.",
			"is_correct": false
		}
	},
	{
		"model": "hacaton_site.answer",
		"pk": 84,
		"fields": {
			"question": 22,
			"answer": "Отложу этот вопрос на потом, так как сейчас нет времени им заниматься.Напишу письмо в банк с подробн",
			"is_correct": false
		}
	},
	{
		"model": "hacaton_site.answer",
		"pk": 85,
		"fields": {
			"question": 23,
			"answer": "Название банка, выпустившего карту.",
			"is_correct": false
		}
	},
	{
		"model": "hacaton_site.answer",
		"pk": 86,
		"fields": {
			"question": 23,
			"answer": "Имя владельца карты.",
			"is_correct": false
		}
	},
	{
		"model": "hacaton_site.answer",
		"pk": 87,
		"fields": {
			"question": 23,
			"answer": "Последние четыре цифры номера карты.",
			"is_correct": false
		}
	},
	{
		"model": "hacaton_site.answer",
		"pk": 88,
		"fields": {
			"question": 23,
			"answer": "Три цифры на обратной стороне карты (CVC-код).",
			"is_correct": true
		}
	},
	{
		"model": "hacaton_site.answer",
		"pk": 89,
		"fields": {
			"question": 24,
			"answer": "Часто менять пароль.",
			"is_correct": false
		}
	},
	{
		"model": "hacaton_site.answer",
		"pk": 90,
		"fields": {
			"question": 24,
			"answer": "Задавать более простой пароль, чем установлен сейчас.",
			"is_correct": false
		}
	},
	{
		"model": "hacaton_site.answer",
		"pk": 91,
		"fields": {
			"question": 24,
			"answer": "Сообщать пароль другим людям, даже сотрудникам службы поддержки платежного сервиса",
			"is_correct": true
		}
	},
	{
		"model": "hacaton_site.answer",
		"pk": 92,
		"fields": {
			"question": 24,
			"answer": "Часто восстанавливать пароль.",
			"is_correct": false
		}
	}
]
